noun,detail
abbey, monastery
ability,
abortion, termination pregnancy
absence, failure to be present
absorption," preoccupation, engrossment"
absorption, soaking up
absorption, social assimilation
abuse," maltreatment, ill-treatment"
abuse, insult
academy, learned establishment
accent, speech pattern
acceptance," adoption, espousal, favorable reception"
access," entree, accession, admittance"
access, right to obtain or make use of
accident," fortuity, chance event"
accident, mishap
account, explanation
account," accounting, account statement"
accountant," comptroller, controller"
accumulation, accretion
achievement, accomplishment
acid, water-soluble compound with sour taste
acquaintance," familiarity, personal knowledge"
acquaintance, familiar person
acquisition, possession
act," human action, human activity"
act, subdivision of a play or opera or ballet
action, legal action
action, military action
action, series of events that form a plot
activity," activeness, trait of being active"
addition," summation, plus"
addition," add-on, improver"
address, place where a person or organization can be found
administration, presidency
administrator,
admiration, esteem
admission, acknowledgment
admission, entrance fee
adoption, child adoption
adult, grownup
advance, cash advance
advantage, benefit
adventure," escapade, risky venture"
advertising," ad, advertisement"
advice, proposal for an appropriate course of action
adviser," advisor, consultant"
advocate, proponent
affair," affaire, intimacy, liaison, involvement"
affinity, natural attraction
affinity, kinship
afternoon,
age, how long something has existed
old age, years
age, historic period
agency, business that serves other businesses
agenda, order of business
agent, representative who acts on behalf of others
agent, federal agent
agony, torment
agreement, accord
agriculture," farming, husbandry"
aid, economic aid
AIDS, acquired immune deficiency syndrome
air, mixture of gases
aircraft,
airline,
airport,
aisle, passage between seats or supermarket shelves
alarm," warning device, alarm system"
alarm, alarm clock
alarm," dismay, consternation, fear"
album, book of blank pages
album, record album
alcohol," alcoholic beverage, intoxicant, inebriant"
allocation," allotment, share"
allowance, money allowed or granted
ally, friendly nation
ally, friend
altar,
aluminium," aluminum, Al, silvery metal"
amateur,
ambiguity, equivocalness
ambition, ambitiousness
ambulance,
amendment,
analogy,
analysis, psychoanalysis
analyst, psychoanalyst
angel, spiritual being
anger, ire
angle," slant, bias"
angle, space between two lines
animal," animate being, beast, brute, creature, fauna"
ankle, ankle joint
anniversary, day of remembrance
announcement," proclamation, declaration"
answer,
ant, social insect
anticipation, expectancy
anxiety, anxiousness
apathy, absence of emotion or enthusiasm
apology, expression of regret
apparatus," setup, equipment"
appeal," appealingness, charm"
appeal, solicitation
appearance, visual aspect
appendix, body part
appendix, supplementary material
appetite, craving
apple," fruit with red, yellow or green skin"
applicant,
application, practical application
application, verbal or written request for assistance or employment or admission
appointment," job, post"
approval, blessing
aquarium," fish tank, marine museum"
arch, archway
architecture, building design
archive, archives
area," expanse, surface area"
arena, place for spectacles
argument," argumentation, debate"
arm, human limb
armchair,
army, ground forces
arrangement, placement
arrow, projectile
arrow," pointer, indicator"
art," artistic creation, artistic production"
article, nonfictional prose forming an independent part of a publication
artist, creative person
ash, residue from a fire
aspect, facet
assault, physical attack
rape," rape, violation, assault, ravishment"
assembly," assemblage, gathering of people"
assembly," fabrication, construction"
assertion,
assessment," judgment, judgement"
assessment, appraisal
asset," plus, valuable quality"
assignment, task
association, mental connection
association, formal organization of people
association, affiliation
assumption," premise, premiss"
assurance,
asylum," refuge, sanctuary, shelter"
athlete," jock, sportive person"
atmosphere, envelope of gases
atmosphere," ambiance, ambience"
atom,
attachment, supplementary part
attachment," affection, fondness"
attack," onslaught, physical attack"
attack, strong criticism
attention, faculty or power of mental concentration
attic," loft, garret"
attitude, mental attitude
attraction, attractiveness
attraction, entertainment offered to the public
attraction, physical force
auction, auction sale
audience," spectators, listeners"
auditor, student
aunt," auntie, relative"
authority, expert whose views are taken as definitive
authority, persons who exercise administrative control
autonomy," self-sufficiency, personal independence"
avenue, boulevard
average, norm
aviation, operation of aircraft
award, prize
axis, axis of rotation
baby," babe, infant"
back," rear, side that goes last or is not normally seen"
back," spinal column, vertebral column, spine, backbone"
background, social heritage
background," ground, part of a scene behind objects"
background, setting context
bacon, pork
suitcase," bag, luggage"
bag, supple container
bail,
balance," proportion, proportionality"
balance, equality between credit and debit
balance, state of equilibrium
balcony,
ball, object that is hit or thrown or kicked in games
ball, formal dance
ball," globe, orb, object with a spherical shape"
ballet, dance
balloon,
ballot, voting document
ban," prohibition, proscription"
banana, elongated crescent-shaped yellow fruit
band," banding, stripe"
band," ring, jewelry"
band, range of frequencies between two limits
band, instrumentalists
bang," clap, eruption, blast, bam"
bank, depository financial institution
bank, sloping land
bankruptcy,
banner, streamer
bar, rigid piece of metal or wood
bar," barroom, saloon"
bar, horizontal rod that serves as a support for gymnasts
bar, legal profession
bark, tree covering
barrel, cask
barrel, gun barrel
barrier, separator obstructing vision or access
base," pedestal, stand"
base, flat bottom on which something sits
base, bottom side of a geometric figure
baseball, baseball game
basin," washbasin, washbowl, washstand, lavatory"
basis," base, foundation, fundament"
basket, handbasket
basketball," hoops, basketball game"
bat, nocturnal mouselike mammal
bathtub," bath, bathing tub, tub"
bathroom," bath, toilet, lavatory"
battery, assault
battery, electric battery
battle," conflict, fight, engagement"
battlefield," battleground, field of battle, field"
bay, indentation of a shoreline
beach, shore
beam," long thick piece of wood, metal or concrete"
beam," light beam, ray"
bean, edible bean
bear, omnivorous mammal
beard, facial hair
beat," pulse, pulsation, heartbeat"
bed, piece of furniture
bed, plot of ground in which plants are growing
bedroom, sleeping room
bee, insect
beef, meat
beer, alcoholic beverage
beginning, first part or section of something
behavior, conduct
belief, cognitive content held as true
bell," doorbell, buzzer"
belly," abdomen, stomach"
belt, clothing accessory
bench, long seat
bench, workbench
beneficiary, recipient
benefit, welfare
benefit, performance to raise money for a charitable cause
berry, small edible fruit
bet, wager
Bible," Christian Bible, Book, Good Book, Holy Scripture"
motorcycle," motorbike, bike"
bill, beak
bill," circular, handbill, broadside, broadsheet, flier"
bin, container
biography, life story
biology, plant and animal life
bird, warm-blooded egg-laying vertebrate
birthday, anniversary of the day someone is born
biscuit, cookie
bishop, clergyman
bitch, female dog
bitch, unpleasant woman
snack," bite, collation, light meal"
bite," sting, insect bite"
black," total darkness, blackness"
blackmail, extortion
blade, part of a knife
blade, leaf blade
blast, explosion
block, city block
block, cube
blood,
bloodshed, gore
blow, powerful stroke
blow," reversal, setback"
blue," blueness, color"
blue jean," jeans, denim pants"
board, gameboard
board, committee having supervisory powers
board," plank, stout length of sawn timber"
boat, a small vessel for travel on water
body," organic structure, physical structure"
body," torso, trunk"
body, dead body
bolt, type of screw that screws into a nut
bolt," thunderbolt, bolt of lightning"
bomb, explosive device
bomber, military aircraft
bomber, person who plants bombs
bond," shackle, hamper"
bond, bail
bond, alliance
bone, body part
book, volume
book, written work
boom, economic prosperity
boot, footwear
border," boundary line, borderline, delimitation"
bottle, vessel
freighter, merchant ship
bottom," underside, undersurface"
bow, arrow launcher
bow, interlaced ribbons
bowel," intestine, gut"
bowl, vessel
stadium," bowl, arena, sports stadium"
box, container
boy," young male, male child"
bracket, punctuation mark
bracket, category
brain," encephalon, grey matter"
brain," genius, mastermind"
brake, restraint used to stop a vehicle
branch, limb
brand, make
bread," breadstuff, food made from dough"
break, fracture
break," pause, intermission, interruption, suspension"
breakdown, equipment failure
breakdown, mental or physical crack-up
breakfast, morning meal
breast," bosom, tit"
breeze," zephyr, gentle wind, air, gust"
brewery,
brick, block of baked clay
bride, participant in a marriage ceremony
bridge, span
broadcast, transmitted message
broccoli, vegetable
bronze, sculpture made of bronze
brother," sibling, brother by blood or adoption"
brother," Brother, monk"
brother, comrade
brush, implement with hairs or bristles
bubble, hollow globule of gas
bucket, pail
budget, sum of money allocated
buffet, meal set out on a counter
building, edifice
bulb, light bulb
bulb, plant bulb
bullet," slug, projectile"
bulletin, brief report
bundle, sheaf
bureaucracy,
burial," entombment, inhumation, interment"
burn, injury
suntan," tan, sunburn"
bus," autobus, coach"
bush," shrub, woody plant"
business," occupation, job, line of work, line"
business," commercial enterprise, business enterprise"
businessman,
butter,
butterfly, diurnal insect
button, round fastener for clothes
button, push button
cabin, aircraft cabin
cabin, small wooden house
cabinet, cupboard-like repository
cabinet, persons appointed by a head of state
cable, strong thick rope
cafe," coffee shop, coffee bar"
cage, coop
cake, mixture of flour and sugar and eggs
calculation," computation, figuring, reckoning"
calculation," deliberation, planning"
calendar, system of timekeeping
calf, young cattle
call, brief social visit
call," phone call, telephone call"
call," cry, outcry, yell, shout, vociferation"
call," birdcall, birdsong, song"
calorie," kilocalorie, nutritionist's calorie"
camera, photographic camera
camp, forced labor prison
camp, summer camp
camp, refugee camp
clique," coterie, ingroup, inner circle, pack, camp"
campaign, military campaign
safari, hunting expedition
campaign, political campaign
cancer, malignant disease
candidate," campaigner, nominee"
candle," taper, wax light"
cane, walking stick
canvas," canvass, fabric"
cap, headdress
cap, bottle top
capital," capital letter, upper case"
capital, seat of government
capital, wealth in the form of money or property
capitalism,
captain," skipper, naval officer"
car," auto, automobile, motorcar"
carbon," C, atomic number 6"
card, playing card
card, postcard
card, identity card
card," calling card, visiting card"
card," menu, bill of fare, carte du jour, carte"
care," maintenance, upkeep"
care," attention, aid, tending"
care," caution, precaution, forethought, judiciousness"
concern," fear, anxious feeling"
career," calling, vocation"
carpet," rug, carpeting"
carriage," baby carriage, perambulator, pram, stroller"
posture," bearing, carriage"
mail carrier," mailman, postman, letter carrier"
carrot, deep orange edible root
cart," handcart, pushcart"
case," lawsuit, suit, cause, causa"
case," display case, showcase, vitrine"
case," instance, example"
cash," hard cash, hard currency"
cassette, container holding magnetic tape
cast," plaster cast, plaster bandage"
cast, actors
castle, fortified building
casualty, someone injured or killed
cat, feline
catalogue, catalog
catch, hidden drawback
category, general concept
cathedral, large church
cattle," cows, bull"
cause, causal agent
cave, underground enclosure
ceiling, surface of a room
ceiling," cap, upper limit"
celebration, festivity
cell, basic structural and functional unit of all organisms
cell, jail cell
cell, cubicle
cell phone, cellular telephone
cellar, basement
cemetery," graveyard, burial site, burial ground"
censorship, deletion of material in art works
census, nose count
center, building dedicated to a particular activity
center, midpoint
center," middle, heart"
century, period of 100 years
cereal, breakfast food
ceremony, ceremonial occasion
certificate,
chain, series of rings or links
necklace, chain
chain, number of similar establishments
chair, professorship
chair, seat
chalk, piece of chalk
challenge, questioning a statement
challenge, demanding or stimulating situation
champagne, bubbly wine
champion," champ, title-holder"
chance, probability
chance," luck, fortune, hazard"
chance, opportunity
change," alteration, modification"
change, money received in return
channel, TV channel
channel," narrow body of water, canal"
chaos," pandemonium, bedlam, topsy-turvyness"
crevice," cranny, crack, fissure"
chapter, subdivision of a written work
character," grapheme, graphic symbol, written symbol"
character, fictional character
character, good repute
characteristic, distinguishing quality
charge, billing
charge, accusation
charge, electric charge
charity, gift
charity, institution set up to provide help for the needy
charm, good luck charm
chart, map for navigation
chart, display of information
charter, document
chauvinist, prejudiced person
check, chess move
check," confirmation, verification"
check," tab, restaurant bill"
check," check mark, tick"
cheek," boldness, nerve, brass, face"
cheek, side of the face
cheek," impudence, impertinence"
cheese, food
chemical,
chemistry, chemical science
cheque," check, bank check"
cherry, fruit
chest," chest of drawers, bureau, dresser"
chest," thorax, pectus, part of the human torso"
chicken, domestic fowl
chicken," wimp, crybaby"
chief," foreman, boss"
child, kid
childhood,
chimney, flue
chin, lower jaw
chip, microchip
chip," crisp, potato chip"
chip," bit, flake, fleck, scrap, small fragment"
chocolate, sweet food
choice," option, alternative"
chord, combination of notes
chorus," choir, singing group"
church, church building
cigarette," butt, fag"
cinema," movie theater, theater"
circle, geometric figure
circulation, movement through a circuit
circumstance, context
citizen, member of a state
city," metropolis, urban center"
civilian, nonmilitary citizen
civilization, society in an advanced state
claim, demand
claim, assertion
clash," friction, conflict"
class," social class, socio-economic class"
class," form, grade"
classroom, schoolroom
corpse," cadaver, remains"
clay, fine-grained soil
clearance, headroom
clerk, clerical worker
salesperson," salesclerk, shop clerk"
climate," clime, weather"
clinic, medical establishment
clock, timepiece
clothes," apparel, wearing apparel, dress"
cloud,
club," bat, stout stick that is larger at one end"
club, playing card in the minor suit of clubs
club," cabaret, nightclub, nightspot"
club," society, guild, gild, lodge, order"
clue," cue, evidence, hint"
cluster," bunch, clump"
coach," private instructor, tutor"
coal, fossil fuel
coalition," coalescence, conglutination"
coast," seashore, seacoast, sea-coast"
coat, garment
coat," coating, thin layer"
code, coding system for brief or secret messages
code, computer code
coffee, beverage
coffin, casket
coin, money
coincidence, happenstance
cold," coldness, low temperature"
cold, common cold
collar, harness
colleague," co-worker, fellow worker"
collection," aggregation, accumulation, assemblage"
college, institution of higher education
colon, part of the large intestine
colon, punctuation mark
colony, politically controlled country
color, hue
column," pillar, support"
column, linear array of numbers
coma, deep unconsciousness
combination, things occurring together
comedy, humorous drama
comet,
comfort," consolation, solace"
comfort, comfortableness
comfort," ease, financial freedom"
command," control, mastery"
command, authoritative instruction
comment, remark
gossip, scuttlebutt
commerce," commercialism, mercantilism"
commission," deputation, delegation"
commission, fee
commitment," allegiance, loyalty, dedication"
committee, commission
communication, something communicated between people
communist, Marxist
community," residential district, residential area"
compact, compact car
company, troupe
company," companionship, fellowship, society"
comparison,
compartment, small space or subdivision for storage
compensation," recompense, payment"
competence, competency
competition," contention, rivalry"
competition, contest
compliance," conformity, abidance"
complication, complex situation
composer, music composer
compound, chemical compound
compromise," allowance, accommodation with concessions"
computer, computing machine
computing, computer science
concentration, strength of solution
concentration," engrossment, absorption, immersion"
concept," conception, construct"
conception, fertilization
concern, interest
concern, feeling of sympathy
concert, musical performance
concession, point conceded
conclusion," ending, finish"
concrete, strong building material
condition, circumstance
condition," precondition, stipulation"
terms, condition
condition," status, state"
conductor, person who collects fares
conductor, substance that readily transmits electricity or heat
conference, meeting
confession, admission of misdeeds
confidence, feeling of trust
conflict, incompatibility of dates or events
conflict, state of opposition between persons or ideas
confrontation, clash
confusion, mix-up
conglomerate," empire, group of companies"
congress, national legislative assembly
connection, shifting from one transportation to another
connection, person who is influential
connection," link, connectedness"
conscience," scruples, moral sense"
consciousness, alert cognitive state
consensus, agreement
conservation," preservation, environmental management"
consideration, thoughtfulness
consideration, careful thought
conspiracy," cabal, plot"
constellation, configuration of stars
constituency, body of voters
constitution," composition, makeup"
constitution, fundamental law
constraint," restraint, physical constraint"
consultation, discussion to consider a point
consumer, person who uses goods or services
consumption, ingestion
contact, close interaction
contact, touch
contact, middleman
contemporary, coeval
contempt," disdain, scorn, despite, lack of respect"
content, capacity
contest,
context," linguistic context, context of use"
continuation," lengthiness, prolongation, extension"
contract, binding agreement between two or more persons
contraction, muscular contraction
contradiction, contradiction in terms
contrary, exact opposition
contrast, opposition or dissimilarity
contribution, donation
control," restraint, discipline in personal activities"
control, dominance
convenience," appliance, contraption, gadget, gizmo"
convention, custom
convention, large formal assembly
conversation, talk
conviction, strong belief
cook,
cooperation," group action, collaboration"
copper," Cu, metal"
copy, secondary representation of an original
copyright, right of publication
cord," corduroy, fabric"
core, center of an object
corn, edible corn
corner, point where three areas or surfaces meet
corner," recess, recession, niche"
correction, rectification
correlation,
correspondence, exchange of letters
corruption, bribery
costume, attire for special occasions
cottage," bungalow, small house"
cotton," cotton cloth, fabric"
council, administrative body
counter, business table
country," state, nation, land"
country, rural area
countryside, rural regions
coup," coup d'etat, putsch, takeover"
couple," twosome, duo, duet"
courage," bravery, braveness"
course, course of action
course," course of study, course of instruction, class"
course," path, track"
court, courtyard
court," tribunal, judicature"
court, royal court
courtesy, considerate act
cousin, first cousin
cover, blanket
cover," screen, concealment"
coverage," reporting, reportage"
coverage, insurance coverage
cow, bovine
wisecrack," crack, quip, witty remark"
crack," cleft, crevice, fissure"
cunning," craftiness, guile, slyness, wiliness"
craft," craftsmanship, workmanship"
craftsman, artisan
crash," wreck, serious accident"
crash," collapse, financial decline"
cream," ointment, emollient, balm"
cream, fat part of milk
creation, creative activity
credibility," credibleness, believability"
credit, course credit
credit, recognition
credit, deferred payment
credit, money available for a client to borrow
credit card, plastic money
creed," credo, system of principles or beliefs"
crew, men who man a ship or aircraft
cricket, insect
crime, law-breaking
criminal," felon, crook, outlaw, malefactor"
crisis, unstable situation
critic, one who offers opinions on art
criticism," critique, unfavorable judgment"
crop, harvest
cross, hybrid
cross, wooden structure
crosswalk," crossing, crossover"
crossing," intersection, crossroad"
crowd, large number of things or people
crown," diadem, jewelled headdress"
cruelty," mercilessness, pitilessness, ruthlessness"
crutch, staff used as walking aid
crystal, fancy glassware
crystal," quartz glass, quartz, vitreous silica"
cucumber," cuke, green salad vegetable"
culture, product of cultivating micro-organisms
culture, attitudes and behavior
culture," civilization, civilisation"
culture," polish, refinement"
cup, small open container used for drinking
cup, cupful
cupboard, closet
currency, money
current, electric current
curriculum," course of study, academic program"
curtain, drape
curve," bend, curved road or river segment"
curve, line on a graph
curve, curved shape
cushion,
custody, holding by the police
customer," client, patron"
snub, cold shoulder
cut, reduction of amount or number
cut, share of the profits
cut," gash, slash, wound"
cutting," clipping, newspaper clipping"
cycle, periodically repeated sequence
cylinder, shape
dairy, dairy farm
damage," harm, impairment"
danger, condition of being susceptible to harm
dark, darkness
date, sweet edible fruit
date," appointment, engagement"
date, escort
date, day of the month
daughter," girl, offspring"
day," twenty-four hours, solar day"
daylight,
deadline,
deal, act of distributing playing cards
deal," agreement, bargain"
dealer, trader
death," decease, expiry, departure from life"
debate," disputation, public debate"
debt," money, goods or services owed"
decade," decennary, decennium, period of 10 years"
decay," decomposition, rotting"
decay, radioactive decay
deck, floor on a ship
deck," pack of cards, deck of cards"
declaration, statement
decoration," ornament, ornamentation"
decrease," lessening, drop-off"
deer, forest animal
default, default option
nonremittal," default, nonpayment"
defeat," frustration, feeling of defeat"
defendant, suspect
deficiency," insufficiency, inadequacy"
deficit," shortage, shortfall"
definition, concise explanation
degree," grade, level, position on a scale"
degree, seriousness of something
degree, academic degree
degree, unit of temperature
delay, holdup
delegate,
delivery, birth
demand, urgent or peremptory request
demand, ability and desire to purchase goods and services
democracy,
demonstration, public display
demonstration, demo
demonstrator, protester
denial, disaffirmation
density, denseness
dentist, tooth doctor
departure, going away
dependence, addiction
deposit, sediment
deposit, down payment
deposit, bank deposit
depression," natural depression, geological formation"
depression," low, low pressure"
depression," slump, economic crisis"
depression," depressive disorder, clinical depression"
deprivation," want, neediness"
deputy, surrogate
descent, movement downward
lineage, descent
desert, arid land
design," preliminary sketch, outline"
design," invention, innovation"
architect, designer of buildings
designer," couturier, fashion designer"
designer," interior designer, interior decorator"
desire, feeling
desk, furniture
despair, desperate feeling
destruction," demolition, wipeout"
detail," particular, item"
detective," investigator, police detective"
detector, sensor
development, land developed for some purpose
development," growth, growing, maturation"
deviation," diversion, digression, deflection"
diagnosis,
diagram, drawing
dialect," idiom, special language"
dialogue, lines spoken in drama or fiction
dialogue," dialog, conversation"
diameter, line through the center of a circle
diamond, gem
dictionary, lexicon
diet, dieting
difference," dispute, difference of opinion, conflict"
difference," remainder, number that remains after subtraction"
difficulty, trouble
difficulty, difficultness
dignity," self-respect, self-esteem, self-regard"
dilemma, quandary
dimension, magnitude
dinner, supper
diplomat, official engaged in international negotiations
direction," course, orientation"
direction," guidance, counsel"
director," conductor, music director"
director, member of a board of directors
directory, alphabetical list of names and addresses
disability," disablement, handicap, impairment"
disadvantage,
disagreement," dissension, dissonance, discord"
disappointment, letdown
disaster," calamity, catastrophe, tragedy"
discipline," correction, punishment"
disco, discotheque
discount," price reduction, deduction"
sermon," preaching, discourse"
discovery," breakthrough, find"
discrimination, unfair treatment
disease,
dish, container
dish," dish aerial, dish antenna"
dish, item of prepared food
disk," disc, flat circular plate"
dismissal, pink slip
disorder," disorderliness, mess"
display," exhibit, showing"
disposition, temperament
distance, property created by the space between two objects or points
distance, aloofness
distortion, misrepresenting
distortion, optical aberration
distributor, marketing company
district," territory, territorial dominion"
disturbance," disruption, commotion, stir"
dividend, bonus
division, arithmetic operation
division, army unit
division, administrative unit
divorce,
doctor," doc, physician, MD"
doctor," Dr., person who holds Ph.D. degree"
document," written document, papers"
dog, domestic dog
hotdog, frankfurter
doll, toy
dollar," dollar bill, buck"
dolphin,
dome, hemispherical roof
domination, mastery
donor, organ donor
door, swinging or sliding barrier
dose, portion of medicine
double, twice the quantity
double," stunt man, stand-in per person"
doubt," question, dubiousness, doubtfulness"
doubt," uncertainty, incertitude, dubiety, doubtfulness"
dough, flour mixture
dozen, twelve
draft," conscription, selective service"
draft," draft copy, preliminary version"
draft," draught, air current"
dragon, mythical creature
drain," drainpipe, waste pipe"
drama, dramatic event
drawer, part of a piece of furniture
drawing, lottery
drawing," representation, artwork"
dream, dreaming
dream," ambition, aspiration"
dressing, medical dressing
drift, something heaped up by wind or water
drift, gradual departure from a course
drill, training of soldiers to march
drill, tool with a sharp point
drunkenness,
drink," beverage, drinkable, potable"
drive," ride, journey"
drive, driveway
drive, high motivation
driver, operator of a motor vehicle
drop," cliff, drop-off"
drop," bead, pearl"
drug, substance used as a medicine or narcotic
drum," tympan, percussion instrument"
drum, barrel
duck, bird
duke, nobleman
duration,
dust,
duty, work that you are obliged to perform
duty, tariff
eagle, bird
eagle, emblem representing power
ear, sense organ
earthquake," quake, seism"
east," East, Orient"
east," due east, E"
echo," reverberation, sound reflection"
economics, economic science
economist, economic expert
economy," thriftiness, frugality"
economy, economic system
edge, sharp side formed by the intersection of two surfaces of an object
edge, slight competitive advantage
edition, publication
education," instruction, teaching, pedagogy"
education, knowledge acquired by learning
effect, impression
effect," consequence, outcome, result"
effort," attempt, endeavor"
egg," eggs, food"
ego," egotism, self-importance"
elbow, elbow joint
election, vote
electorate,
electricity,
electron, elementary particle
electronics, branch of physics
element," component, constituent"
element, chemical element
elephant, pachyderm
elite, elite group
embarrassment, shame
embassy,
embryo," conceptus, fertilized egg"
emergency," exigency, pinch, crisis"
emotion, strong feeling
emphasis, accent
empire, monarchy
employee, worker
employer,
employment,
end, goal
end," conclusion, close, closing, ending"
end, boundary
enemy, hostile people
energy, vigor
engagement, betrothal
engine, motor
engine, locomotive
engineer," applied scientist, technologist"
entertainment, amusement
enthusiasm, lively interest
entitlement, right granted by law or contract
entry," entrance, entranceway, entryway"
entry, submission
envelope,
environment," environs, surroundings"
episode," installment, part of a broadcast serial"
equation, mathematical statement
equilibrium,
equipment,
era, epoch
erosion,
error," mistake, fault"
error, erroneous belief
essay, literary composition
perfume, essence
estate, everything you own
estimate," estimation, approximation"
estimate," esteem, respect"
estimate, appraisal of value
estimate, likely cost
ethics, moral philosophy
Europe, continent
evening, eve
evolution," phylogeny, phylogenesis"
examination, test
example," illustration, instance, representative"
example," exemplar, model, good example"
excavation," dig, archeological site"
exception, instance that does not conform to a rule
excess, surplus
exchange, act of changing one thing for another
exchange, mutual expression of views
excitement," agitation, turmoil, upheaval, hullabaloo"
excitement," excitation, fervor, mental state"
excuse," alibi, exculpation, self-justification"
execution," capital punishment, death penalty"
executive, branch of government
executive, administrator
exemption, immunity
exercise," exercising, physical exercise"
exhibition," exposition, expo"
exile," deportation, expatriation, expulsion"
exit," issue, outlet, way out"
expansion, enlargement
expectation, anticipation
expedition,
expenditure," outgo, outlay"
experience, accumulation of knowledge or skill
experiment, experimentation
expert,
expertise, expertness
explanation,
exploration, geographic expedition
explosion," detonation, blowup"
exposure, vulnerability to the elements
expression," saying, locution"
extension," wing, annex, addition to a building"
extension, telephone extension
extension, delay of deadline
extent, point or degree to which something extend
extraterrestrial, alien
extreme, highest degree
eye," oculus, optic, organ of sight"
eyebrow, brow
facade," frontage, frontal"
face, human face
facility," installation, building or place providing a particular service"
facility," adeptness, adroitness, deftness, quickness"
fact,
factor, anything that contributes causally to a result
factory," mill, manufacturing plant, manufactory"
failure," loser, nonstarter, unsuccessful person"
failure, lack of success
failure, bankruptcy
fair," traveling show, carnival, funfair"
fair, promotional gathering of producers
fairy," faery, faerie, sprite, magical creature"
faith," religion, religious belief"
fall," drop, free descent"
descent," declivity, decline, fall"
fall, autumn
twilight," dusk, nightfall"
fame," celebrity, renown"
family," folk, kinfolk, kinsfolk, kin"
fan," buff, devotee, lover"
fantasy," illusion, phantasy, fancy"
fare, transportation fee
farm,
farmer,
fashion," latest style, rage, fad"
fat, excess bodily weight
fat, soft greasy substance
father, male parent
fault, responsibility for a bad situation
fault," defect, flaw"
favor," kind act, gracious act"
favour, act of gracious kindness
favourite," darling, favorite, pet"
fax, facsimile
fear," fearfulness, fright"
feast, banquet
feather," plume, plumage"
feature, facial feature
feature, characteristic
federation," confederation, confederacy, political union"
fee, fixed charge
feedback, response
feeling, intuitive feeling
feeling," touch, touch sensation"
feminist, women's rightist
fence, barrier
ferry, ferryboat
festival,
fever, high body temperature
few, indefinite but relatively small number
fibre, fiber
fiction, literary work
field, piece of land
field," playing field, athletic field"
fig, fruit
fight," fighting, combat"
figure," design, pattern"
figure, amount of money expressed numerically
file, steel hand tool
file," file cabinet, filing cabinet"
file, data file
file," single file, Indian file"
film, thin coating
film, photographic film
film, cinema
filter, device that removes something small
final, final examination
finance, management of money
finger, terminal members of the hand
fireplace, fire
fire," attack, flak, flack, blast"
fire," ardor, fervor, fervency, fervidness"
fire, flame
firefighter, fireman
firm," house, business firm, company"
fish, cold-blooded aquatic vertebrates
fish, flesh of fish used as food
fisherman, fisher
fist, clenched fist
convulsion," fit, paroxysm"
fitness," physical fitness, good shape"
fixture, object firmly fixed in place
flag, emblem
flash," photoflash, flashbulb"
flash," flare, burst of light"
flash," heartbeat, instant, jiffy, split second"
flat, apartment
flat, flat tire
flavor," savor, smack, tang, taste experience"
fleet, group of ships
flesh, body tissue
flesh," pulp, part of a fruit"
flight, escape
flight, trip by plane
flight, flight of stairs
flock, group of animals
flood, inundation
floor, flooring
flour, powdery foodstuff
flower, plant cultivated for its blooms or blossoms
flu," influenza, viral disease"
fluctuation," wavering, instability"
fluid,
fly, insect
fog," daze, haze, confusion"
fog, water vapor
fold," crease, crimp"
folk music, ethnic music
folk," folks, common people"
folklore, unwritten literature or songs
food, nutrient
fool, moron
fool," clown, jester"
foot, human foot
foot," ft, linear unit of length equal to 12 inches"
football, football game
force," violence, act of aggression"
force," forcefulness, strength, physical energy, intensity"
force," military unit, military force, military group"
forecast, prognosis
forehead,
foreigner," alien, noncitizen"
forest," woodland, timberland, timber"
forestry, science of planting and caring for forests
fork, cutlery
form," shape, pattern"
form, printed document with spaces in which to write
form," variant, strain"
format," formatting, data format, data formatting"
formation, spatial arrangement
formula, statement of a fundamental principle
fortune, luck
fortune," wealth, prosperity"
fate," destiny, fortune, luck, lot, circumstances"
forum, public meeting
fossil, plant or animal remains
foundation, institution supported by an endowment
foundation, basis
fountain," water dispenser, font"
fox, animal
fraction, quotient
fragment, broken-off piece
skeleton," frame, bones and cartilages"
franchise, dealership
fraud," fraudulence, dupery, hoax"
imposter," pretender, fake, faker, sham, fraud"
freckle, skin pigment
freedom, condition of being free
freight, transportation
frequency," frequence, oftenness"
freshman, first year student
refrigerator, fridge
friend, acquaintance
friendship,
frog," toad, toad frog"
front, the side that is seen or that goes first
front," battlefront, front line"
front, atmospheric phenomenon at the boundary between two air masses
fruit, ripened reproductive body of a seed plant
frustration,
fuel, energy
fun," merriment, playfulness"
function," affair, occasion, social occasion"
function, mathematical function
fund, monetary fund
funeral, ceremony
fur," pelt, hairy coat of a mammal"
furniture, piece of furniture
fuss," bustle, hustle, flurry, ado, stir"
future," hereafter, futurity, time to come"
galaxy, extragalactic nebula
gallery, art gallery
gallon," gal, liquid unit"
game, contest with rules to determine a winner
game, amusement or pastime
gap," crack, narrow opening"
garage, building
garage, car repair shop
garbage," refuse, waste"
garden,
garlic, aromatic bulb used as seasoning
gas pedal, accelerator
gas, state of matter distinguished from solid and liquid
gas," gasoline, petrol"
gate, door
gear, gear mechanism
gene, segment of DNA
general," full general, officer"
generation," coevals, contemporaries"
brilliance, brilliance
gentleman,
geography,
gesture, motion of hands or body
ghost, visible disembodied soul
ghostwriter, ghost
giant," hulk, very large person"
gift, present
girlfriend, lady friend
girl, female child
glacier, mass of ice
glance," glimpse, quick look"
glass, drinking glass
glass," looking glass, mirror"
glass, brittle transparent solid
glasses," eyeglasses, spectacles"
glimpse, brief view
gloom," gloominess, glumness, atmosphere of depression"
glory, prestige
glove, handwear
glow, steady even light
glue, adhesive
goal, successful attempt at scoring
goal, sports equipment
goal," finish, destination"
goalkeeper," goalie, goaltender"
goat, domestic animal
god," deity, divinity"
gold," Au, atomic number 79"
golf, golf game
good," commodity, trade good"
good," goodness, moral excellence"
government," authorities, regime"
governor, head of a state
gown, robe for ceremonial occasions
grace, beauty of movement
grace," good will, kindness"
gradient, grade of a slope
graduate," alumnus, alumna, alum, grad"
grain," food grain, cereal"
grain, small hard particle
grammar,
grandfather," gramps, grandad"
grandmother, grandma
grant, monetary aid
graph,
graphics,
grass," pot, dope, weed, Mary Jane, marijuana"
grass, lawn
grave, tomb
gravel, crushed rock
gravity," graveness, sobriety, soberness, somberness"
gravity," gravitation, gravitational force"
green," greenness, viridity"
green," Green, environmentalist"
greeting, salutation
grief," heartache, heartbreak, brokenheartedness"
grimace," face, contorted facial expression"
grip," grasp, controlling influence"
traction," grip, adhesive friction"
ground," land, dry land, earth, solid ground, terra firma"
grounds," evidence, basis for belief or disbelief"
growth, vegetation that has grown
growth," increase, increment"
growth, abnormal proliferation of tissue
guarantee," warrant, warrantee"
guard, bodyguard
guard, watchman
guerrilla, insurgent
guest, invitee
guide, guidebook
guide, someone who shows the way
guideline," guidepost, rule of thumb"
guilt, guiltiness
guitar, stringed instrument
gun, weapon
gutter," trough, channel for collecting rainwater"
habit, established custom
habitat, home ground
hair,
hair, natural body covering
haircut, hairstyle
half," one-half, one of two equal parts"
hall, large building for meetings or entertainment
hall, large room for gatherings or entertainment
hall, hallway
dorm," dormitory, residence hall"
hallway," passage, corridor"
halt," freeze, interruption, temporary suspension"
ham, meat
hammer, hand tool
hand, helping hand
hand," manus, mitt, paw"
hand, round of applause
hand," deal, cards held in a game by a player"
hand," hired hand, hired man"
harbor, seaport
hardship, adversity
hardware, computer hardware
harmony," concord, harmoniousness, compatibility"
harmony, musical harmony
harvest, harvest time
hat, headdress
hay, grass mowed and cured
head, obverse side of a tail
head, body part
head," chief, top dog, person who is in charge"
headline, newspaper headline
headquarters," central office, main office"
health," wellness, healthy state of wellbeing"
health, general condition of body and mind
heart, playing card in the major suit of hearts
heart, bodily organ
heart, locus of feelings and intuitions
heart, figure with rounded sides curving inward at the top
heat, heating system
heat, passion
heaven," paradise, place of complete bliss"
hedge,
heel, back of the foot
height, altitude
heir," inheritor, heritor"
helicopter, chopper
hell," infernal region, netherworld"
helmet, headgear
help," aid, assist, assistance"
help," assistant, helper, supporter"
hemisphere, cerebral hemisphere
hemisphere, half of the terrestrial globe
hen, female chicken
herb, cooking herb
herd, group of cattle
sandwich," bomber, grinder, hero, hoagie, sub"
hero, person with exceptional courage
heroin, drug
hierarchy," power structure, pecking order"
highlight, high spot
hill, elevation of the land
hip, either side of the body below the waist and above the thigh
historian,
history, discipline that interprets past events
history," account, chronicle, story"
history, the aggregate of past events
custody," detention, detainment, hold"
hole, opening into or through something
mess," difficult situation, fix, jam, muddle, pickle"
holiday, vacation
holiday, day on which work is suspended
home," dwelling, domicile, abode, habitation"
home," nursing home, rest home"
honey, sweet food
honor, honorableness
honor, laurels
hook, bent implement
bait," come-on, lure, sweetener, hook"
hope," wish, desire and expectancy"
horizon, skyline
horn, bony outgrowths on the head
horn, car horn
horoscope, prediction of the future
horror," repugnance, repulsion, revulsion"
horse, animal
horse," knight, chessman"
hospital, infirmary
hospitality," cordial reception, kindness in welcoming guests or strangers"
host," master of ceremonies, emcee"
host, inviter
hostage, prisoner held for ransom
hostility, aggression
hostility," enmity, antagonism"
hotel,
hour," hr, 60 minutes, period of time"
hour," time of day, clock time"
house, dwelling
house, legislature
family," household, home, menage"
houseplant, plant for indoor use
housewife, homemaker
housing," lodging, living accommodations"
human body, physical body
humanity, humanness
humor, sense of humor
hunter, huntsman
hunting, hunt
husband, hubby
hut," hovel, hutch, shack"
hypothesis," guess, conjecture, surmise, speculation"
ice, frozen water
ice cream, frozen dessert
idea, thought
ideal," paragon, model of excellence or perfection"
identification, identity papers
identity," personal identity, individuality"
identity," identicalness, indistinguishability"
ideology, political theory
ignorance, lack of knowledge
illness," unwellness, malady, sickness"
illusion, false mental representation
illustration,
image, mental image
image," double, look-alike"
imagination,
immigrant,
immigration,
impact, striking of one body against another
impact," forceful consequence, strong effect"
implication, logical implication
import, importation
importance,
improvement, condition superior to an earlier one
momentum," impulse, force"
impulse," caprice, whim"
incentive," inducement, motivator, carrot"
inch," in, unit of length"
incident, event
income,
increase, increment
index finger, forefinger
index, alphabetical listing
indication, suggestion
individual,
industry, manufacture
industry," diligence, industriousness"
infection," contagion, transmission"
inflation, rising prices
influence, power to affect persons or events
influence, effect of one thing or person
information, info
infrastructure, basic features of a system
ingredient,
inhabitant," habitant, dweller, denizen"
inhibition," suppression, conscious exclusion of unacceptable thoughts or desires"
initial, first letter of a word
initiative, first step
injection, shot
injury," hurt, harm, trauma"
inn," hostel, hostelry, lodge"
innovation, invention
inquiry, inquest
insect,
inside, interior
insider,
brainstorm, sudden insight
insight," perceptiveness, understanding"
insistence," insistency, act of insisting"
inspector, examiner
inspiration, sudden intuition
instinct, inherent aptitude
institution, mental hospital
institution, establishment
instruction," teaching, pedagogy"
instrument, device
instrument, musical instrument
insurance," indemnity, protection"
integration, desegregation
integrity, moral soundness
intelligence, ability to comprehend
intelligence," intelligence service, intelligence agency"
intention, volition
interaction,
interest," pastime, pursuit"
interest, fixed charge for borrowing money
interface, user interface
interference," hindrance, hitch, preventive, encumbrance"
intervention, interference
interview,
introduction, first section of a communication
introduction," presentation, intro"
introduction, basic instructional text
invasion," encroachment, intrusion"
investigation, probe
investigator,
investment, investment funds
invitation,
iron, ferrous metal
irony," sarcasm, satire"
island, land mass surrounded by water
isolation, state of separation
issue, important question
offspring," progeny, issue"
item," token, individual instance"
ivory, tusk
jacket, short coat
jam, preserve
jar, vessel
jaw, part of the skull
jazz,
jelly, gelatinous substance
jet," squirt, spurt, spirt"
jewel," gem, precious stone"
job," task, chore"
job, workplace
jockey, rider
joint, disreputable place of entertainment
joint, body part
joke," gag, laugh, jest"
journal, periodical
journal, diary
joy," joyousness, joyfulness"
judge," justice, jurist, magistrate"
judgment, judicial decision
judgment, cognitive process
juice,
jump," leap, sudden increase"
junction,
jungle, impenetrable forest
jurisdiction, legal power
jury, trial jury
justice, justness
justification,
kettle," boiler, metal pot"
key, opening device
key, tonality
key," legend, list of words that explain symbols"
kick, sudden stimulation
kid, young goat
kidney, bean-shaped excretory organ
killer, slayer
king, chess piece
king, playing card
king, male monarch
kingdom, monarchy
kinship, family relationship
kit," outfit, gear"
kitchen, room equipped for preparing meals
kite, toy
knee, knee joint
knife, tool
knot, fastening formed by looping and tying
knowledge," cognition, result of perception, learning, or reasoning"
Koran," Quran, al-Qur'an, Islam Holy Book"
label,
laboratory," lab, research lab"
labour, toil
labour," working class, proletariat"
laborer, manual laborer
lace, delicate fabric
lack," deficiency, want"
ladder, steps
lady,
lake, body of water
lamb, young sheep
lamp, furniture holding lightbulbs
land," estate, landed estate"
land," kingdom, realm"
landlord,
landowner," landholder, property owner"
landscape, scenery
lane, narrow road
language, linguistic communication
language," terminology, nomenclature"
lap, body part
laser, coherent light
laundry," wash, washables"
law, natural scientific law
law, jurisprudence
law," police, police force"
lawn,
lawyer, attorney
layer, thin sheet
layout," plan, design"
lead, position of leadership
leash, tether
lead, advantage held by a competitor
lead," Pb, atomic number 82, soft heavy toxic metal"
leader," commander, person who rules or guides or inspires others"
leadership, leading
leaf," leafage, foliage"
leaflet," brochure, folder, pamphlet"
lease, rental lease
leather,
farewell," leave, leave-taking, parting"
leave, leave of absence
lecture," instruction, teaching"
left," left side, left hand side"
leftovers, leftover food
leg, one of the supports for a piece of furniture
leg, limb
legend, caption
legend," fable, story"
legislation," legislating, lawmaking"
legislature, legislative assembly
leisure,
lemon, defective artifact
lemon, fruit
length," duration, continuance in time"
length, extent of something from beginning to end
lesson, unit of instruction
letter," missive, written message addressed"
letter, letter of the alphabet
level," floor, storey, story"
level," layer, stratum"
level," grade, tier"
liability, legal obligation and responsibility
liberty, freedom
library,
licence," license, permit"
lid, movable top
lid, eyelid
lie, prevarication
life,
lifestyle, way of living
lift, ride in a car
lift, elevator
lift," ski tow, ski lift"
light," light source, source of illumination"
lighter," igniter, device for lighting or igniting"
light," luminosity, brightness, luminance"
lily, flower
limb, body part
limit," demarcation, demarcation line"
limit, limitation
limitation,
line," railway line, rail line"
line," telephone line, phone line"
line," production line, assembly line"
line," dividing line, demarcation"
line," argumentation, logical argument, line of reasoning"
line, line of text
line, formation of people or things one behind another
line," wrinkle, furrow, crease, crinkle, seam"
linen, white goods
link, fastener
lion, king of beasts
lip," brim, rim, top edge of a vessel"
lip, fleshy folds of tissue surrounding the mouth
liquid,
list," tilt, inclination"
list, listing
literacy, ability to read and write
literature, creative writing
litigation, judicial proceeding
liver, organ
load," burden, weight"
loan, temporary provision of money
lobby," vestibule, foyer, entrance hall"
lobby, pressure group
location, point in space
lock, fastener fitted to a door
lock," curl, ringlet, whorl"
log, logarithm
log, tree trunk
logic,
look, physical appearance
look," spirit, tone, feel, feeling, flavor"
loop, iteration
loop, round or oval shape
loss," red ink, financial loss"
loss, something that is lost
lot, parcel of land having fixed boundaries
lot," deal, flock, good deal, great deal, heap"
lounge," waiting room, waiting area"
sofa, couch
love, passion
love," beloved, dear, dearest, loved one, honey"
lover, significant other
loyalty, trueness
lump," chunk, gob, clod"
lunch," luncheon, midday meal"
lung, respiratory organ
machine,
machinery, machines
magazine, periodic publication
magnitude," size, extent"
maid," maidservant, housemaid"
mail, earth mail
mainstream, prevailing thought
alimony,
majority, absolute majority
majority, legal age
makeup, cosmetics
man," homo, human being, human"
man," adult male, male"
management, direction
manager, director
manner," personal manner, way of acting or behaving"
manual, handbook
manufacture, fabrication
manufacturer, producer
manuscript,
map, representation of the earth's surface
marathon, footrace of 26 miles
marble, glass ball for games
marble, rock
march, marching music
march, procession of people
march," March, month"
margin," edge, blank space on a page"
mark," scratch, scrape, scar, indication of damage"
mark," grade, score"
market," grocery store, grocery, food market"
marketing, promoting and selling
wedding," marriage, marriage ceremony"
marriage," married couple, man and wife"
Mars, the red planet
marsh," marshland, fen, fenland"
mask, disguise
mass, body of matter
master," maestro, artist of consummate skill"
match," lighter, friction match"
match, formal contest
match," peer, equal, compeer"
match," catch, a good matrimonial prospect"
material," fabric, cloth, textile"
material, stuff
mathematics," math, maths"
matrix, rectangular array
matter, substance
maximum, upper limit
mayor, city manager
maze, labyrinth
meadow, hayfield
meal, repast
meaning," significance, signification"
means, instrumentality for accomplishing some end
measure," measuring stick, measuring rod"
meat, flesh of animals
mechanism, piece of machinery
medal," decoration, laurel wreath, medallion, ribbon"
medicine, medical profession
medicine," medication, medicament, medicinal drug"
medium," mass medium, mass media"
medium, spiritualist
medium, intermediate state
meeting, planned coming together
meeting," encounter, casual or unexpected convergence"
member, part of a social group
membership,
memorandum, memo
memorial, monument
memorial," commemoration, remembrance"
memory," computer memory, storage"
memory, capacity to remember
memory, something that is remembered
menu, computer menu
menu, dishes planned for a meal
merchant," merchandiser, businessperson"
mercy," clemency, mercifulness, leniency"
merit," deservingness, meritoriousness"
message," written, spoken, or signaled communication"
metal, metallic element
method, way of doing something
methodology,
microphone, mike
middle, intermediate part or section
midnight, 12 o'clock
migration, movement from one country to another
mile, distance
milk,
mill, grinder
mind," head, brain, what is responsible for one's thoughts and feelings"
mind," intellect, knowledge and intellectual ability"
mine, explosive device
mine, excavation of ores and minerals
miner, mineworker
mineral,
minimum, lower limit
minister," pastor, rector"
minister, government minister
ministry, government department
minority, smaller in number
minute," min, unit of time equal to 60 seconds"
miracle, supernatural event
mirror, reflector
miscarriage, stillbirth
misery," wretchedness, miserableness"
missile," projectile, weapon"
mist, thin fog
mixture, mix
model, simulation
model, framework
model, poser for a photographer or painter or sculptor
model, role model
model, fashion model
module, component
mole, small velvety-furred burrowing mammal
mole, pigmented spot on the skin
mole, counterspy
molecule,
moment," here and now, present moment"
momentum,
monarch," sovereign, crowned head"
monarchy,
monastery,
money, currency
money, wealth
monk, inhabitant of a monastery
monkey, long-tailed primate
monopoly, exclusive control
monster, freak
month, calendar month
mood," temper, humor"
moon, satellite of the Earth
morale, team spirit
morale, individual psychological well-being
morning," morn, morning time, forenoon"
dawn," dawning, aurora, first light, daybreak"
morsel," bit, bit"
mortgage,
mosaic, colored stone or glass art
mosque, place of worship
mosquito, blood-sucking insect
mother, female parent
motif, design
motivation," motive, need"
motivation,
motorist, automobilist
highway," expressway, freeway, state highway"
mold," fungus, mould"
mountain," mount, land mass projecting above its surroundings"
mourning, bereavement
mouse, rodent
mouse, computer mouse
mouth, oral cavity
move," relocation, changing your residence or business"
move, player's turn to move a piece or act
movement," motion, move, change of position"
crusade," campaign, cause"
movement," social movement, front, people with a common ideology"
mud," clay, soft wet earth"
mug, cup
multimedia, multimedia system
murder," slaying, execution"
muscle, bodily tissue
museum, exhibition hall
mushroom, fungus
music,
musician,
mutation, genetic mutation
myth, traditional story
nail, thin pointed piece of metal
nail, body part
name, language unit by which a person or thing is known
name, person's reputation
nationalism," patriotism, love of country"
nationalist, patriot
nationality,
nature, essential qualities or characteristics
nature, natural physical world including plants and animals
nature, causal agent creating and controlling the universe
navy," dark blue, navy blue"
navy, naval forces
neck," cervix, connection from head to the rest of the body"
need, demand
need," indigence, penury, extreme poverty"
needle, sharp pointed implement
needle, indicator for readings
neglect, disregard
negligence, neglect
negotiation," dialogue, talks"
neighbour," neighbor, person living nearby"
neighborhood," vicinity, neck of the woods"
nephew,
nerve, bundle of nerve fibers
nest, structure in which animals lay eggs
net," Internet, Net, cyberspace"
net, game equipment
network, communication system with a group of broadcasting stations
network," web, interconnected system"
newcomer,
news," intelligence, tidings, word"
news," news program, news show"
news, new information
night," nighttime, dark"
nightmare, upsetting dream
node, connecting point
noise," randomness, haphazardness"
noise, sound
nomination, naming a candidate
nonsense," bunk, hokum"
norm, standard
north," due north, N, direction"
nose, olfactory organ
note, annotation
note," short letter, line, billet"
note," musical note, tone"
note," bill, banknote"
notebook, notebook computer
notebook, book with blank pages
notice, announcement
notice, advance notification
notion, concept
noun,
novel, fictional work
number, quantity
number, numeral
number," phone number, telephone number"
nun," sister, religious woman"
nurse,
nursery," plant nursery, greenhouse, glasshouse"
nursery, baby's room
crackpot," crank, nut, nutcase, fruitcake"
nut, hard-shelled seed
oak, oak tree
object," physical object, tangible and visible entity"
object," aim, objective, target"
objection,
obligation," duty, responsibility"
observation, facts learned by observing
observer," perceiver, beholder"
obstacle, block
occasion, time of a particular event
occupation, military control
ocean,
offense," offensive, attack"
offense," misdemeanor, infraction, violation"
offense," discourtesy, offence"
offender, wrongdoer
offer," offering, verbal act of offering"
office," business office, workplace"
officer," policeman, police officer"
official, functionary
offspring, young
oil," cooking oil, vegetable oil"
oil, viscous liquid
omission," skip, mistake resulting from neglect"
onion, edible bulb
opera, drama set to music
operation, surgery
operation, military operation
operation, business especially one run on a large scale
operation," functioning, performance"
opinion," public opinion, popular opinion"
opinion," legal opinion, judgment, judgement"
opponent," adversary, antagonist"
opposite," reverse, contrary"
opposition, resistance
opposition, political party opposed
opposition," enemy, foe"
optimism,
option, right to buy or sell property
orange," orangeness, color between red and yellow"
orange, citrus fruit
orbit, celestial orbit
orchestra, musical group
order," decree, edict"
order, request for food or refreshment
order, orderliness
organ, pipe organ
organ, body part
organisation, group of people who work together
orientation," position, alignment"
origin," descent, extraction, background, provenance"
outfit," getup, clothing"
outlet," retail store, sales outlet"
outlet," wall socket, electric outlet"
outlet," wall socket, wall plug, electric outlet"
outline," abstract, precis"
outline," lineation, linear boundary"
outlook," mentality, mindset"
output, end product
outside," exterior, outer side or surface"
oven, kitchen appliance
overall, clothing
overview, summary
owl, nocturnal bird
owner, proprietor someone who owns a business
ownership,
oxygen,
pace," tempo, rate"
pack, bundle carried on the back
pack, group of hunting animals
package," bundle, packet, parcel"
packet," small package, bundle"
page, one side of one leaf
pain, physical pain
pain," emotional distress, painfulness"
pain," pain in the neck, nuisance"
paint, substance used to protect or decorate
painter, artist
pair, two people considered as a unit
palace, residence of a sovereign
palm, palm tree
chimpanzee, primate
pan, cooking pan
panel, plate or sheet that is a component of something
panel, team of experts
panic," terror, overwhelming fear"
paper," composition, report"
paper, scholarly article
paper, newspaper
paper," cellulose, material for writing or printing on"
paper, material made of cellulose pulp
parade, ceremonial procession
paradox, self-contradiction
paragraph, subdivisions of a text
parallel," analogue, analog"
parameter, factor
pardon, amnesty
parent,
park," commons, common, green"
parking, parking space
parliament,
part," portion, component part, component"
participant,
particle, small body of mass
partner," spouse, married person, mate, better half"
partner, member of a partnership
partnership, cooperation among people
party, festivity
party, political party
pass," passing, qualifying grade"
pass, permission to enter or do something
passage, passageway
passage, section of text
passenger, rider
passion," passionateness, strong emotion"
passport,
password," watchword, word"
past," past times, yesteryear"
pastel, light pale color
pasture," pastureland, grazing land"
patch, piece of cloth
patch," bandage, cover for injury"
patch," plot, small area"
patent, patent of invention
path," route, itinerary"
patience, forbearance
patient, person who requires medical care
patrol, security detachment
pattern," model, design"
pause, temporary inactivity
pavement, sidewalk
payment, defrayal
peace," peacefulness, peace of mind, repose, serenity"
peace, state prevailing during the absence of war
peak," vertex, apex, acme, highest point"
peanut, goober
peasant, agricultural laborer
pedestrian, walker
pen, writing implement
pen, playpen
penalty, punishment
pencil, writing implement
penny, cent
pension, payment during retirement
retiree, pensioner
people,
pepper, spice
percent, percentage
perception, process of perceiving
performance," execution, carrying out"
performance, act of presenting a play or a piece
performer, performing artist
period," point, full stop, stop, full point"
period, time period
period, interval taken to complete one cycle
period, historic period
permission, approval to do something
person, individual
personality, personal attributes
pest," blighter, cuss, pesterer, gadfly, persistently annoying person"
pet, animal
phenomenon,
philosopher,
philosophy," investigation of existence, knowledge, ethics"
philosophy," doctrine, school of thought, set of beliefs"
photograph, photo
photographer,
photography, picture taking
physics, physical science
piano, keyboard instrument
picture," image, icon, visual representation"
picture," painting, graphic art"
movie, film
pie, dish
piece, separate part of a whole
piece," musical composition, opus, composition, piece of music"
pier, support for two adjacent bridge spans
pig," hog, swine"
pig," hog, greedy person"
policeman, cop
pig," slob, sloven, slovenly person"
pigeon, wild and domesticated bird
pile," heap, mound"
pill, birth control pill
pillow, cushion
pilot, airplane pilot
pin," personal identification number, PIN, PIN number"
pioneer," innovator, trailblazer, groundbreaker"
pipe, tube
pit," pitfall, trap"
pit," cavity, hole in the ground"
pitch, property of sound
slant," pitch, deviation from the horizontal"
pitch, sales pitch
pity, compassion
place," topographic point, spot"
place, seat
plaintiff, complainant
plan," design, arrangement, scheme"
plane," airplane, aeroplane"
planet, celestial body
plant," flora, plant life"
plant," industrial plant, factory"
plaster, adhesive plaster
plastic, materials
plate, dish
platform, horizontal surface
play, child's play
play," drama, dramatic play"
player," actor, role player"
player, participant
pleasure, delight
plot," secret plan, game, secret scheme"
plot, story
plot, chart
pneumonia, respiratory disease
pocket, pouch inside a garment
poem, verse form
poetry," poesy, verse"
point," detail, item"
point," tip, peak, V-shape"
point, dot
poison, poisonous substance
pole, long rod
pole, Earth's antipodal point
policy, insurance policy
politician,
politics,
poll, counting of votes
poll, opinion poll
pollution, contamination
pony, small horse
pool, puddle
pop, pop music
pop," soda, soda pop"
pop," dad, dada, daddy, pa, papa"
population, people who inhabit a territory
porter, person employed to carry luggage and supplies
portion," helping, serving"
portrait," portrayal, likeness"
position," placement, location"
position," stance, posture"
position, status
possession, ownership
possibility, possible action
post," mail, mail service, postal service"
post, stake
postcard,
pot, cooking vessel
pot, flowerpot
potato,
potential, potentiality
pottery, clayware
pound, dog pound
pound," lb, 16 ounces"
powder, fine-grained substance
power," world power, major power, great power, superpower"
power," force, might"
practice," pattern, customary way of operation or behavior"
practice," exercise, drill, practice session, recitation"
praise," congratulations, kudos"
prayer, supplication
precedent, case in point
precision, preciseness
predator, predatory animal
predecessor,
preference," predilection, predisposition"
prejudice," bias, preconception"
premium, insurance premium
preoccupation, idea that preoccupies the mind
preparation," readiness, preparedness"
prescription, prescription drug
prescription, physician's instructions
presence," bearing, comportment"
presence, state of being present
present, gift
present, nowadays
presentation, making publicly available or known
preservation,
presidency, presidentship
president, chief executive of a republic
president," chairman, chairwoman, chair"
press, printing press
press, newspaper writers
pressure, pressure sensation
pressure," pressure level, force per unit area"
pressure," imperativeness, insistence, insistency"
prestige, prestigiousness
prevalence," preponderance, superiority in number"
prey, quarry hunted animal
price," monetary value, cost"
price," cost, toll"
pride, proud feeling
primary, primary election
prince, son of a sovereign
princess,
principle, basic truth or law or assumption
print," picture, design"
printer, output device that prints data
priority, precedence
prison," prison house, correctional institution"
prisoner, captive
privacy," privateness, seclusion"
privilege, special advantage
prize, trophy
loot," booty, pillage, plunder, dirty money, prize"
probability,
problem, trouble
problem, question
procedure,
process, procedure
produce," green goods, green groceries"
producer, film or play producer
product," merchandise, ware"
product, mathematical product obtained by multiplication
product, consequence of someone's efforts
production, act or process of producing something
production, presentation for the stage or screen or radio or TV
production," output, yield"
profession, occupation
professional, professional person
professor, prof
profile, side view
profit, gain
program," plan, series of steps to be carried"
program, announcement of a theatrical event
program, broadcast
program, computer program
progress," advancement, gain"
project," undertaking, task, enterprise"
prediction, projection
projection, image projection
promise, verbal commitment
promotion, rising in rank
promotion, publicity
proof, cogent evidence
proof, mathematical proofs
propaganda,
property," attribute, dimension"
property," belongings, holding, material possession"
proportion, dimension
proportion, quotient of magnitude of a part and magnitude of the whole
proposal, proposition
proposal, marriage proposal
proposition, statement
prosecution, criminal prosecution
prospect," expectation, outlook"
prosperity, economic prosperity
protection, protecting someone or something
shelter, physical protection
protein,
protest," objection, dissent"
provision," supply, supplying"
psychologist,
psychology, psychological science
bar," tavern, pub"
public,
publication, issue
publication, printed work
publicity, public scrutiny
publisher," publishing house, publishing firm"
pudding, soft sweet dessert
pump, mechanical device
pumpkin, large yellow fruit
punch," blow, lick, biff"
punch, mixed drink
pupil, contractile aperture in the iris of the eye
pupil," schoolchild, school-age child"
purpose," intent, intention, aim, design"
hobby," pursuit, by-line, hobby, sideline, spare-time activity"
pursuit," quest, search"
puzzle, toy
pyramid, polyhedron
qualification," reservation, limitation"
quality, degree or grade of excellence
quantity, amount
quarter, district of a city
quarter, United States coin worth 25 cents
quarter, one-fourth
quarter," fourth part of a year, three months"
queen, female monarch
quest, seeking
question," inquiry, query, interrogation"
questionnaire,
queue, waiting line
quota, proportional share
quotation," quote, citation, words"
quotation, price quotation
rabbit, burrowing animal
race, contest of speed
race, people belonging to the same genetic stock
racism, prejudice
rack, framework for holding objects
radiation, radioactivity
radiation sickness, radiation syndrome
radical, person with radical ideas
radio," radiocommunication, wireless, medium"
radio," radio receiver, receiving set, radio set"
rage," fury, madness, intense anger"
raid," foray, sudden attack"
railcar," railroad car, wagon"
railroad," railroad line, railway system"
track," railroad track, line of track"
rain, rainfall
rainbow, colored light in the sky
rally, mass meeting
range," stove, kitchen stove"
range," scope, reach, orbit, compass"
range, large tract of grassy open land where livestock graze
range," mountain range, range of mountains"
rank, status
rat, rodent
strikebreaker, scab
rate, pace
ratio, relative magnitude
reaction, equal and opposite force
reaction, response revealing a person's feelings or attitude
reaction, chemical reaction
reactor, nuclear reactor
reader, subscriber
reader," reviewer, referee"
realism, pragmatism
reality, realness
reason, explanation of the cause
reason, rationality
rebel," insurgent, insurrectionist, freedom fighter"
rebellion," insurrection, revolt, rising, uprising"
receipt, acknowledgment of payment
reception, broadcast reception
reception, formal party
recession, declining economy
recognition, acknowledgment
recommendation," testimonial, good word"
record," extreme attainment, the best/worst performance ever"
record, criminal record
record, document serving as legal evidence of a transaction
record, number of wins versus losses and ties
recording, information storage device
recovery," retrieval, regaining"
recovery," convalescence, recuperation"
recreation,
red, redness
reduction," decrease, diminution"
redundancy," redundance, superfluousness"
referee, sports referee
reference," citation, acknowledgment, credit, mention, quotation"
reference," reference point, point of reference"
referral, recommendation to consult someone
reflection," reflexion, mirror image"
reform, change for the better
refugee,
refusal,
regard," gaze, long fixed look"
region,
register, cash register
register," registry, official written record"
registration," enrollment, enrolment"
regret," sorrow, rue, ruefulness"
regulation, authoritative rule
rehabilitation, treatment of physical disabilities
rehabilitation," vindication of character, exoneration"
rehearsal, dry run
reign, time of rule
rejection,
relation," relative, person related by blood or marriage"
relationship, state of connectedness between people
relaxation," easiness, absence of tension"
release," waiver, discharge"
relevance, relevancy
reliance, state of relying on something
relief," ease, alleviation"
reluctance," hesitancy, hesitation, disinclination"
remark, explicit notice
remedy," curative, cure, medicine"
rent, payment to a landlord
repetition, repeat
replacement," surrogate, alternate, substitute"
report," news report, story, account"
report," study, written report, evaluation"
reporter," journalist, newsperson"
representative, person who represents others
representative, congressman
reproduction," replica, replication, copy"
reptile, reptilian
republic,
reputation, notoriety for some characteristic
request, petition
requirement," necessity, essential, requisite"
research, systematic investigation to establish facts
researcher," research worker, investigator"
reserve," reticence, quietness"
supply," backlog, stockpile, reserve, reservoir"
reservoir, artificial lake
residence, abode
resident, occupant
resignation, giving notice
resignation, surrender
resolution, decision to do something
resort, holiday resort
resource, source of aid or support
response," answer, reply"
response, reaction
responsibility," duty, obligation"
rest, support on which things can be put
rest," remainder, balance, residual, residue"
rest," respite, relief, rest period"
restaurant, eating place
restoration," renovation, refurbishment"
restraint, limitation
restriction, limitation
result," resultant, final result, outcome, consequence"
retailer, retail merchant
retirement, withdrawal from a position
retreat, hideaway
return, act of returning to a prior location
return, homecoming
return," restitution, restoration, regaining"
return," tax return, income tax return"
revenge, retaliation
reverse," reversion, reversal, turnabout, turnaround"
review, brushup
review," recapitulation, recap, summary"
review," critique, critical review, review article"
review, periodical
revival," resurgence, revitalization"
revolution, overthrow of government
revolution," rotation, gyration"
reward," bounty, money for helping to find criminals"
rhetoric, technique for speaking
rhythm," beat, musical rhythm"
rib, bone
ribbon, strip of material
rice, grains used as food
rider, person riding an animal
ridge, long narrow range of hills
rifle, firearm
right, rightfulness
right, right hand side
right wing, right
ring, hoop
ring, boxing ring
ring, characteristic sound
riot, public violence
orgy," orgy, debauchery, saturnalia, bacchanal, riot"
rise," upgrade, rising slope"
rise," raise, wage hike, hike, wage increase"
risk, peril
ritual, rite
river, large natural stream of water
road," route, open way for travel or transportation"
robbery,
looting, plundering
robot, automaton
rock, rock 'n' roll
rocket, vehicle propelled by a rocket engine
role, normal or customary activity of a person
role," character, theatrical role, part"
roll, cylindrical form
roll," roster, list of names"
roll," drum roll, sound of a drum"
roll," bun, bread"
roof, top of a building
room, area within a building
ancestor, ancestor
root, part of plant
rope,
rose, flower
rotation, rotary motion
rung," stave, round, crosspiece between chair legs"
route," path, itinerary"
routine, modus operandi
quarrel," row, wrangle, words, run-in, dustup"
row, arrangement of objects or people side by side in a line
royalty," royal family, royal line, royal house"
royalty, payment for a patent or copyright
rubbish," trash, scrap, worthless material"
rugby, rugby football
ruin, ruined building
ruin," downfall, ruination"
rule," ruler, measuring stick"
rule, regulation
rule," convention, norm of behavior, pattern"
rule," principle, law concerning a natural phenomenon"
rule, formula standard procedure for solving a mathematical problem
rule, directions defining a game or sport
rule," dominion, dominance or power through legal authority"
rule, duration of a monarch's or government's power
rumor, hearsay
runner, athlete
rush," haste, hurry, rushing"
sacrifice, ritual killing
sacrifice, loss
safety, state of being certain that adverse effects will not be caused
cruise,
sailor, crewman
salad, food mixture
sale," cut-rate sale, sales event"
sale, general activity of selling
salmon, fish
salon," beauty salon, beauty parlor"
salt," table salt, common salt"
salvation, being saved from harm
sample, small part representative of the whole
sanctuary, consecrated place
sand, finely ground particles
sandal, footwear
satellite, orbiter
satisfaction, contentment
sauce,
sausage," wurst, meat"
scale, body covering of many animals
scale, weighing machine
scale," scale of measurement, graduated table"
scandal, outrage
scenario, sequence of possible events
scene, subdivision of an act of a play
scene," shot, unit of action in a film"
scene, setting
scene," fit, tantrum, conniption"
schedule,
scheme, schema organization of concepts
scholar," scholarly person, student, learned person"
scholar,
scholarship,
school, schoolhouse
school, educational institution
science, scientific discipline
scientist,
grudge, grievance
score, game score
scrap, small piece
screen, protective covering
sieve,
screen," movie screen, projection screen"
screw, fastener with a tapered threaded shank
script, writing system
sculpture, plastic art
sea, ocean
seal, marine mammal
seal, stamp on a document
search,
season, time of year
seat, furniture designed for sitting on
buttocks," butt, bum, tush"
second, following the first
second," sec, 1/60 of a minute"
mystery," secret, enigma, closed book"
secret,
secretary, secretarial assistant
secretion, glandular substance
section," segment, one of several parts"
sector," sphere, particular aspect of life or activity"
security," security system, security measure"
seed, seeded player
seed, small hard fruit
selection," excerpt, excerption, extract"
selection, assortment of things from which to choose
selection," survival, survival of the fittest, natural selection"
self, ego
seller," marketer, vender, vendor"
seminar, course
senior, student
sensation, public excitement
sense," sensation, sentience, sentiency, sensory faculty"
sense," common sense, good sense"
sense," signified, the meaning of a word or expression"
sensitivity, sensitiveness
sentence, conviction
sentence, string of words
sentiment, emotion
separation," disassociation, division"
sequence, serial arrangement
series," serial, serial publication"
series," serial, serialized set of programs"
servant,
waiter, server
service," help, assistance"
service," religious service, divine service"
service," overhaul, inspection and repair"
service," military service, armed service"
session, meeting
session," school term, academic term"
set, stage set
set, group of things of the same kind that belong together
settlement," resolution, outcome"
settlement, colony
sex," gender, sexuality"
nuance," shade, nicety, subtlety, refinement"
shadow, shade
shaft, long rod or pole
shaft, vertical passage into a mine
shame," pity, unfortunate event"
shame, painful emotion
disgrace," shame, ignominy, dishonor"
share," parcel, portion, result of parcelling out or sharing"
share, any of the equal portions into which the capital stock of a corporation is divided
shareholder, stockholder
shark, carnivorous fish
sheep, woolly mammal
sheet, bed sheet
sail, canvas
sheet, piece of paper
shelf, support for holding objects
shell, covering of a mollusc
shell, ammunition
shell, eggshell
shell, outer layer of nuts or fruits
shelter, temporary housing for homeless
shield, protective covering
shift, switch
shift, work shift
shirt, garment
shock, electric shock
shock," daze, stupor, feeling of distress and disbelief"
shoe, footwear
horseshoe, shoe for horses
shop, store
shop, workshop
shopping,
short circuit, short
shortage," dearth, famine"
shorts, short pants
shot," shooting, act of firing a projectile"
shot, injection
shoulder," berm, edge of a road"
shoulder, part of the body
show, public exhibition or entertainment
shower, plumbing fixture
shower, rain shower
sickness, nausea
side, position
side, face
side," slope, incline"
siege," besieging, beleaguering, military blockade"
sight," vision, visual sense"
sign, signboard
sign, gesture that is part of a sign language
sign, signal
sign, mark
sign," augury, foretoken, preindication"
sign," sign of the zodiac, house"
signature,
silence, quiet
silence," secrecy, secretiveness"
silk, fabric
flatware, silverware
silver," ash gray, ash grey, silver gray"
silver, metal
similarity,
simplicity," simpleness, uncomplicatedness"
sin," sinning, transgression"
singer, vocalist
sink, plumbing fixture
sister," sis, female sibling"
site," web site, website, internet site"
site, land site
situation, state of affairs
size, physical magnitude
sketch," cartoon, humorous drawing"
ski,
skill,
skin," hide, pelt, body covering of a living animal"
skin," cutis, person's body covering"
peel," skin, rind of a fruit or vegetable"
skirt, garment
skull,
sky,
slab," block, thick piece"
slave, person who is owned
sleep, slumber
sleeve," arm, part of a garment that is attached at armhole"
slice, thin flat piece
slide," chute, sloping trough"
slide, plaything
slime," sludge, goo, gunk, muck"
gaffe," slip, faux pas"
slogan," motto, catchword"
slot, small slit
slot, time slot
smell," aroma, odor, odour, scent"
smell," sense of smell, olfaction"
smile," smiling, grin, grinning, facial expression"
smoke, fumes
snail, slug
snake, serpent
snow, snowfall
soap, cleansing agent
soccer,
society, extended social group
sociology,
sock," stocking, hosiery"
sodium, Na
software, computer software
soil, territory
soil," dirt, earth's surface"
soldier, enlisted man or woman
solidarity,
solo, activity performed alone
solution, successful action of solving a problem
solution, mixture of two or more substances
soprano, voice range
soul, psyche
sound, auditory event
soup, liquid food
source, documentary reference
source," beginning, origin, root"
source," informant, person who supplies information"
south," Confederacy, Confederate States"
south," due south, S"
space, blank
space, empty area
speaker," loudspeaker, speaker unit"
speaker," talker, utterer"
specialist,
species, taxonomic group
specimen, medical specimen
spectrum, broad range of related values
speech, address
speech," exchange of spoken words, verbal discourse"
speech, manner of speaking
speed," amphetamine, pep pill, upper"
speed, velocity
spell," magic spell, charm"
trance, spell
sphere, sphere of influence
sphere, ball
spider, arachnid
spinach, vegetable
spine," thorn, prickle"
spirit," intent, purport, intended meaning"
spirit, disembodied spirit
spirit, emotional state
spite," malice, maliciousness, spitefulness, venom"
split," schism, division into opposing factions"
split, lengthwise crack
spokesman,
spoon, cutlery
sport, athletics
spot," smudge, blot, daub, smear"
spray, water in small drops
ranch," cattle ranch, cattle farm"
spread," paste, food mixture"
banquet, feast
spring, metal elastic device
spring, fountain
spring, springtime
spy, undercover agent
squad, army unit
square," public square, plaza, place"
square, rectangle with four equal sides
stable," stalls, horse barn"
staff, rod
staff, personnel
stage, large platform on which people are seen by an audience
stage," phase, distinct time period in a sequence of events"
staircase, stairway
stake," stakes, bet, wager"
stall," booth, cubicle"
stamp, postage stamp
stand," stall, sales booth"
stand," viewpoint, standpoint"
standard," criterion, measure, touchstone"
star, asterisk
star, celestial body
star," ace, champion, virtuoso, hotshot, superstar"
star, plane figure with 5 or more points
start," beginning, commencement, first, outset, get-go"
state, province
state, state of matter
statement, financial statement
statement," affirmation, assertion"
station, post
statistics,
statue,
steak, slice of meat
steam, boiling water
steel, metal alloy
stem," stalk, part of a plant"
step," measure, maneuver made as part of progress toward a goal"
step, stair
step," footstep, pace, stride"
step, gradation
steward, flight attendant
stick, piece of wood
joystick, control stick
stimulation, act of arousing an organism to action
stitch, sewing
stock," livestock, farm animal"
stock, inventory
stock, shares
stomach," tummy, tum"
stone, rock
pit," stone, hard inner core of some fruits"
gem," gemstone, stone"
stool, simple seat
stop," stopover, layover"
storage," repositing, warehousing"
storm, weather condition
story," fib, trivial lie"
story," narrative, narration"
strap, shoulder strap
straw, drinking straw
straw," chaff, husk, shuck, stalk"
strawberry, fruit
stream, watercourse
street,
strength, property of being physically or mentally strong
strength," forte, strong suit, specialty, strong point"
stress," tension, tenseness"
strike, work stoppage
strike, attack
strike," rap, tap, gentle blow"
string," twine, lightweight cord"
comic strip,
strip, long narrow piece
stroke," apoplexy, cerebrovascular accident"
structure, construction
struggle, strenuous effort
student," pupil, learner"
studio, workplace for teaching or practice of an art
study, room used for reading and writing and studying
study," discipline, subject, subject area"
study," report, written report"
style," dash, elan, flair, panache"
style, editorial directions
subject, depicted object
subject," topic, theme"
subject, guinea pig
substance, stuff
suburb," suburbia, suburban area"
success,
suffering," hurt, mental or physical pain"
sugar, refined sugar
suggestion, proposition
suicide,
suit, suit of clothes
courtship," wooing, courting, suit"
suite, rooms
sulphur," sulfur, S"
sum, sum total
summary, brief statement
summer, summertime
summit, summit meeting
sun, star that is the source of light and heat
sun," sunlight, sunshine"
Sunday, Lord's Day
sunrise, daily morning event
sunshine, fair weather
superintendent, super
supermarket,
supervisor,
supply, amount of something available for use
support, aiding the cause or policy or interests of
support," documentation, documentary validation"
support, device that bears the weight of another thing
support," keep, livelihood, living, bread and butter, sustenance"
surface, extended two-dimensional outer boundary
surgeon, operating surgeon
surgery,
surprise, unexpected event
survey," sketch, resume"
survival, endurance
survivor, one who outlives another
survivor, survivor of a disaster
suspect, someone under suspicion
suspicion," misgiving, mistrust, distrust"
suspicion," intuition, hunch"
sweat, perspiration
sweater, knitted garment
sweet, dessert
swing," rapid fluctuation, vacillation"
swing, plaything
switch, electric switch
sword," blade, weapon"
syllable,
symbol, sign
symmetry,
symptom, medical symptom
syndrome, pattern of symptoms
system, scheme
table, piece of furniture
table," tabular array, data arranged in rows and columns"
tablet," pill, lozenge, medicine"
tactic," tactics, maneuver"
tail, posterior part of the body of a vertebrate
tail, side of a coin
talk, talking
talk," lecture, public lecture"
tank," army tank, armored combat vehicle"
tap," wiretap, telephone tap"
tap," water faucet, spigot"
tape, adhesive tape
tape, tape recording
tape, tape measure
target, mark
taste," gustation, sense of taste"
taste," preference, penchant, predilection"
tax," taxation, revenue enhancement"
taxi," cab, hack, taxicab"
taxpayer,
tea, beverage
teacher, instructor
team," squad, cooperative unit"
tear, teardrop
technique, proficiency
technology, engineering
teenager, adolescent
telephone," phone, telephone set"
television," television system, telecommunication system"
television," television receiver, T.V. set"
temperature, degree of hotness or coldness
temple, place of worship
temple, side of the forehead
temptation, enticement
tenant, renter
tendency," inclination, disposition"
tennis,
tension, latent hostility
tension, tautness
tent, collapsible shelter
term, word or expression
terminal, keyboard and monitor
terrace, patio
terrorist,
test," trial, trial run, tryout"
test," examination, exam"
text, textual matter
text," textbook, text edition, schoolbook"
texture, appearance of a surface or fabric
thanks, acknowledgment of appreciation
theater," dramaturgy, dramatic art, dramatics, theatre"
theft," larceny, thievery, stealing"
theme, motif
theme," melodic theme, musical theme"
theology,
theorist," theoretician, theorizer"
theory, hypothesis
therapist, healer
therapy,
thesis, dissertation
thigh, part of the leg
thinker," creative thinker, mind, important intellectual"
thought," thinking, cerebration"
thread," thin yarn, fine cord of twisted fibers"
threat," menace, source of danger"
threshold," doorsill, doorstep"
brink," threshold, verge"
throat," pharynx, passage to the stomach and lungs"
throne, chair of a monarch
thumb, finger
ticket," traffic ticket, summons"
ticket, entry or access ticket
tide,
tie, necktie
tie," draw, standoff"
tiger, large feline
tile, flat thin slab
timber, lumber
time, clock time
timetable, arrival and departure schedule
can, tin can
tin," atomic number 50, silvery metal"
tip," lead, confidential information"
tip," point, extreme end"
tip, gratuity
tissue, aggregate of cells
tissue, tissue paper
title, claim
title, heading
title, title of respect
title," deed, deed of conveyance, legal document"
title, championship
toast, bread
toe,
toll, fee for the use of roads or bridges
tomato,
ton, unit of weight
tone, tone of voice
tongue, body part
tongue, natural language
tool, implement
tooth, projection on a gear
tooth, bonelike structure in the jaws
top, garment that extends from the shoulders to the waist or hips
top, spinning top
top," top side, upper side, upside"
top," peak, crown, crest, tip, summit"
flashlight,
torch, lit stick carried in one's hand
torture, torturing
touch, sense of touch
tourism,
tourist, visitor on holiday
tournament," tourney, sporting competition"
towel,
tower, structure
town,
toy, plaything
trace, footprint
track," data track, circular magnetic path on a disk"
track," racetrack, racecourse, raceway"
track," lead, trail, evidence"
tract, pamphlet
trade," craft, skilled practice of a practical occupation"
trade," deal, business deal, instance of buying or selling"
trade," barter, swap, swop"
tradition," custom, practice of long standing"
traffic, buying and selling
traffic, pedestrians or vehicles
tragedy, theatrical drama
train, railroad train
trainer, one who trains persons or animals
training," preparation, grooming"
trait, distinguishing feature of your personal nature
transaction, commercial dealing
transfer," transportation, transferral, conveyance"
transition," conversion, changeover"
transmission, automobile transmission
transport," transportation, shipping"
ecstasy, rapture
trap," snare, device for catching"
tray, open receptacle
treasure,
treasurer, financial officer
treat, special pleasurable occurrence
treatment, handling
treatment," discussion, discourse"
treaty," pact, accord"
tree, tall perennial woody plant
trench, ditch
trend, tendency
trial, legal proceedings
trial, tribulation
triangle, trilateral
tribe, clan
tribute," testimonial, expression of esteem"
trick, magic trick
trick, fast one
trolley," streetcar, tram"
troop, group of soldiers
trouble, event causing distress or pain
trouble, worry
trouser, pants
truck," motortruck, lorry"
trunk," luggage compartment, automobile trunk"
trust," corporate trust, combine, cartel"
trust," confidence, trustful relationship"
trustee, legal guardian
truth, true statement
truth," verity, trueness, conformity to reality"
t-shirt,
subway," metro, underground, tube"
tube, hollow cylinder
tumour," tumor, neoplasm"
tune," melody, air, strain, melodic line"
tunnel, passageway
turkey, bird domesticated for food
turn," bend, crook, circular segment of a curve"
twin, offspring born at the same time
braid," plait, tress, hairdo"
twist," wrench, jerky pulling movement"
tycoon," baron, big businessman, business leader, king, magnate, mogul"
tire, hoop covering a wheel
ulcer,
umbrella, handheld collapsible canopy
uncertainty," uncertainness, precariousness"
uncle, parent's brother
understanding," sympathy, compassion"
unemployment,
uniform, professional clothing
union," labor union, trade union"
marriage," union, matrimony, spousal relationship, wedlock"
unit, single undivided whole
unity," integrity, wholeness"
university,
unrest, feeling of agitation
urge, strong restless desire
urgency, urgent situation calling for prompt action
urine," piss, pee, piddle, weewee, water"
use," habit, usage"
use," function, purpose, role"
use, consumption
user,
user," drug user, substance abuser"
vacuum, vacuum cleaner
vacuum," void, vacancy, emptiness"
valley, vale
value, numerical quantity measured or assigned or computed
value, ideal accepted by some individual or group
value," economic value, amount of money or goods or services"
van, vehicle
avant-garde," vanguard, new wave"
variable, variable quantity
variant," variation, something a little different"
variation, fluctuation
variety," diverseness, diversity"
vat, tub
vector,
vegetable," veggie, greens"
vegetarian, person who eats no meat
vegetation," flora, botany"
vehicle, conveyance
veil, head covering
vein, blood vessel
velvet, silky densely piled fabric
venture, risky commercial undertaking
Venus, planet evening star morning star
verdict, legal verdict
version, interpretation from a certain viewpoint
version, adaptation
vessel, watercraft
vessel, container
veteran, veteran soldier
victim,
victory, triumph
video, video recording
view," aspect, prospect, scene, vista, panorama"
view," position, perspective"
view, opinion
villa,
village," small town, settlement"
villager,
violation, infringement
virgin, person who has never had sex
virtue, moral excellence
virus, infectious agent
computer virus, virus
vision, vivid mental image
visit,
visitor,
vitamin,
voice, ability to speak
spokesperson," interpreter, representative"
volcano, mountain
volume," loudness, intensity"
volume, publication
volume, 3-dimensional space
volunteer, unpaid worker
vote," ballot, voting, balloting"
vote," right to vote, suffrage"
voter, elector
voucher, coupon
voyage, journey to some distant place
wage," pay, earnings, remuneration, salary"
wagon, wheeled vehicle
waist, waistline
wake," viewing, vigil over a corpse"
wall, architectural partition
war," warfare, armed conflict"
ward, hospital ward
ward, town district
ward, person under protection or custody
wardrobe, collection of clothing
warning," admonition, cautionary advice"
warrant, court warrant
warrior,
waste," thriftlessness, wastefulness"
waste," waste material, waste matter, waste product"
watch," chronograph, timepiece"
watch," lookout, sentinel, sentry"
water, H2O
waterfall, cascade
wave, ridge moving across the surface of a liquid
way," path, way of life, course of conduct"
way," means, agency"
weakness, lack of strength
weakness," failing, flaw, weak point"
wealth, riches
weapon, arm
weather, weather condition
wedding," wedding ceremony, nuptials"
weed, plant that crowds out cultivated plants
week, calendar week
weekend,
weight," free weight, exercising weight, barbell"
weight, vertical force exerted by a mass
weight," weight unit, unit used to measure weight"
welcome," greeting, reception"
welfare," social welfare, government-sponsored program"
welfare, wellbeing
well," deep hole with water, oil, or gas"
west," West, Occident"
west," due west, W"
whale, marine mammal
wheat, cereal
wheel, frame with spokes
bike," bicycle, bike, cycle, wheel"
whip, lash used for whipping
whiskey,
egg white, albumen
widow,
width, breadth
wife," married woman, spouse"
wilderness," wild, uninhabited area"
wildlife,
will, volition
will, testament
willpower, self-control
win," winnings, profits"
wind," air current, current of air"
window, opening in the wall of a building
wine, beverage made from fermented grapes
wing, biological organ for flying
wing, airplane wing
winner, victor
winter, wintertime
wire, metal ligament
witch," enchantress, sorceress"
withdrawal," backdown, retraction"
withdrawal," detachment, avoidance of emotional involvement"
witness," spectator, viewer, watcher, looker"
witness, person who testifies in court
wolf, canine mammal
woman, adult female
wonder, marvel
wood, hard substance under the bark of trees
wool, fabric
word, unit of language
word," parole, word of honor"
wording," phrasing, choice of words"
work, employment
work, workplace
work," oeuvre, body of work"
worker, person who works at a specific occupation
workshop, brief intensive course
world, reality
world," populace, public"
world," Earth, globe"
world," universe, existence, cosmos, macrocosm"
worm, animal
worm, software program
worth, value
wound, lesion
wreck, something dilapidated
wrist," carpus, wrist joint"
writer, author
X-ray," radiogram, X-ray picture"
yacht,
yard, grounds
yard, 3 feet
year," twelvemonth, yr"
youth, young people
youth, time of life between childhood and maturity
zero," 0, naught"
zone, geographical region
